id	metric_family	baseline_reading
ALERT_GB1	c880a_sensor_reading	numeric
AMP_PDB_FAN_HSC	c880a_sensor_current_amperes	numeric
BIOS_Done	c880a_sensor_reading	numeric
ENERGY_CPU0_DIMM	c880a_sensor_energy_joules	numeric
ENERGY_CPU1_DIMM	c880a_sensor_energy_joules	numeric
ENERGY_GB_SXM1	c880a_sensor_energy_joules	numeric
ENERGY_GB_SXM2	c880a_sensor_energy_joules	numeric
ENERGY_GB_SXM3	c880a_sensor_energy_joules	numeric
ENERGY_GB_SXM4	c880a_sensor_energy_joules	numeric
ENERGY_GB_SXM5	c880a_sensor_energy_joules	numeric
ENERGY_GB_SXM6	c880a_sensor_energy_joules	numeric
ENERGY_GB_SXM7	c880a_sensor_energy_joules	numeric
ENERGY_GB_SXM8	c880a_sensor_energy_joules	numeric
Energy_CPU0	c880a_sensor_energy_joules	numeric
Energy_CPU1	c880a_sensor_energy_joules	numeric
FW Update	c880a_sensor_reading	numeric
GPUFPGAReady	c880a_sensor_reading	numeric
HMCReady	c880a_sensor_reading	numeric
OVERT_GB1_GPU	c880a_sensor_reading	numeric
OVERT_GB1_NVS	c880a_sensor_reading	numeric
PECIReady	c880a_sensor_reading	numeric
POWER_STATE	c880a_sensor_reading	numeric
PRSNT_PSU_FANS	c880a_sensor_reading	numeric
PWRGD_GB1_GPU	c880a_sensor_reading	numeric
PWR_CPU0	c880a_sensor_power_watts	numeric
PWR_CPU1	c880a_sensor_power_watts	numeric
PWR_E1S_0	c880a_sensor_reading	unavailable
PWR_GB1_TOT_HSC	c880a_sensor_power_watts	numeric
PWR_GB_HSC1	c880a_sensor_power_watts	numeric
PWR_GB_HSC2	c880a_sensor_power_watts	numeric
PWR_GB_HSCC1	c880a_sensor_power_watts	numeric
PWR_GB_HSCC2	c880a_sensor_power_watts	numeric
PWR_GB_HSCC3	c880a_sensor_power_watts	numeric
PWR_GB_HSCC4	c880a_sensor_power_watts	numeric
PWR_GB_HSCC5	c880a_sensor_power_watts	numeric
PWR_GB_MODULE_1	c880a_sensor_power_watts	numeric
PWR_GB_MODULE_2	c880a_sensor_power_watts	numeric
PWR_GB_MODULE_3	c880a_sensor_power_watts	numeric
PWR_GB_MODULE_4	c880a_sensor_power_watts	numeric
PWR_GB_MODULE_5	c880a_sensor_power_watts	numeric
PWR_GB_MODULE_6	c880a_sensor_power_watts	numeric
PWR_GB_MODULE_7	c880a_sensor_power_watts	numeric
PWR_GB_MODULE_8	c880a_sensor_power_watts	numeric
PWR_GB_NVS1	c880a_sensor_power_watts	numeric
PWR_GB_NVS2	c880a_sensor_power_watts	numeric
PWR_GB_SXM1	c880a_sensor_power_watts	numeric
PWR_GB_SXM1_M	c880a_sensor_power_watts	numeric
PWR_GB_SXM2	c880a_sensor_power_watts	numeric
PWR_GB_SXM2_M	c880a_sensor_power_watts	numeric
PWR_GB_SXM3	c880a_sensor_power_watts	numeric
PWR_GB_SXM3_M	c880a_sensor_power_watts	numeric
PWR_GB_SXM4	c880a_sensor_power_watts	numeric
PWR_GB_SXM4_M	c880a_sensor_power_watts	numeric
PWR_GB_SXM5	c880a_sensor_power_watts	numeric
PWR_GB_SXM5_M	c880a_sensor_power_watts	numeric
PWR_GB_SXM6	c880a_sensor_power_watts	numeric
PWR_GB_SXM6_M	c880a_sensor_power_watts	numeric
PWR_GB_SXM7	c880a_sensor_power_watts	numeric
PWR_GB_SXM7_M	c880a_sensor_power_watts	numeric
PWR_GB_SXM8	c880a_sensor_power_watts	numeric
PWR_GB_SXM8_M	c880a_sensor_power_watts	numeric
PWR_MB_VRM_0	c880a_sensor_power_watts	numeric
PWR_MB_VRM_1	c880a_sensor_power_watts	numeric
PWR_OCP_0	c880a_sensor_reading	unavailable
PWR_PCIE_RISER	c880a_sensor_reading	unavailable
PWR_PDB_FAN_HSC	c880a_sensor_power_watts	numeric
PWR_PDB_VRM_0	c880a_sensor_power_watts	numeric
PWR_PSU1	c880a_sensor_power_watts	numeric
PWR_PSU10	c880a_sensor_power_watts	numeric
PWR_PSU11	c880a_sensor_power_watts	numeric
PWR_PSU12	c880a_sensor_power_watts	numeric
PWR_PSU2	c880a_sensor_power_watts	numeric
PWR_PSU3	c880a_sensor_power_watts	numeric
PWR_PSU4	c880a_sensor_power_watts	numeric
PWR_PSU5	c880a_sensor_power_watts	numeric
PWR_PSU6	c880a_sensor_power_watts	numeric
PWR_PSU7	c880a_sensor_power_watts	numeric
PWR_PSU8	c880a_sensor_power_watts	numeric
PWR_PSU9	c880a_sensor_power_watts	numeric
PWR_SWTCH_0	c880a_sensor_reading	unavailable
PWR_SYSTEM	c880a_sensor_power_watts	numeric
REDUNDANCY_PSU	c880a_sensor_reading	numeric
RST_GB1_GPU	c880a_sensor_reading	numeric
SEL_FULLNESS	c880a_sensor_reading	numeric
SPD_FAN_10_F	c880a_sensor_fan_speed_rpm	numeric
SPD_FAN_10_R	c880a_sensor_fan_speed_rpm	numeric
SPD_FAN_11_F	c880a_sensor_fan_speed_rpm	numeric
SPD_FAN_11_R	c880a_sensor_fan_speed_rpm	numeric
SPD_FAN_12_F	c880a_sensor_fan_speed_rpm	numeric
SPD_FAN_12_R	c880a_sensor_fan_speed_rpm	numeric
SPD_FAN_13_F	c880a_sensor_fan_speed_rpm	numeric
SPD_FAN_13_R	c880a_sensor_fan_speed_rpm	numeric
SPD_FAN_14_F	c880a_sensor_fan_speed_rpm	numeric
SPD_FAN_14_R	c880a_sensor_fan_speed_rpm	numeric
SPD_FAN_15_F	c880a_sensor_fan_speed_rpm	numeric
SPD_FAN_15_R	c880a_sensor_fan_speed_rpm	numeric
SPD_FAN_16_F	c880a_sensor_fan_speed_rpm	numeric
SPD_FAN_16_R	c880a_sensor_fan_speed_rpm	numeric
SPD_FAN_17_F	c880a_sensor_fan_speed_rpm	numeric
SPD_FAN_17_R	c880a_sensor_fan_speed_rpm	numeric
SPD_FAN_18_F	c880a_sensor_fan_speed_rpm	numeric
SPD_FAN_18_R	c880a_sensor_fan_speed_rpm	numeric
SPD_FAN_19_F	c880a_sensor_fan_speed_rpm	numeric
SPD_FAN_19_R	c880a_sensor_fan_speed_rpm	numeric
SPD_FAN_1_F	c880a_sensor_fan_speed_rpm	numeric
SPD_FAN_1_R	c880a_sensor_fan_speed_rpm	numeric
SPD_FAN_20_F	c880a_sensor_fan_speed_rpm	numeric
SPD_FAN_20_R	c880a_sensor_fan_speed_rpm	numeric
SPD_FAN_2_F	c880a_sensor_fan_speed_rpm	numeric
SPD_FAN_2_R	c880a_sensor_fan_speed_rpm	numeric
SPD_FAN_3_F	c880a_sensor_fan_speed_rpm	numeric
SPD_FAN_3_R	c880a_sensor_fan_speed_rpm	numeric
SPD_FAN_4_F	c880a_sensor_fan_speed_rpm	numeric
SPD_FAN_4_R	c880a_sensor_fan_speed_rpm	numeric
SPD_FAN_5_F	c880a_sensor_fan_speed_rpm	numeric
SPD_FAN_5_R	c880a_sensor_fan_speed_rpm	numeric
SPD_FAN_6_F	c880a_sensor_fan_speed_rpm	numeric
SPD_FAN_6_R	c880a_sensor_fan_speed_rpm	numeric
SPD_FAN_7_F	c880a_sensor_fan_speed_rpm	numeric
SPD_FAN_7_R	c880a_sensor_fan_speed_rpm	numeric
SPD_FAN_8_F	c880a_sensor_fan_speed_rpm	numeric
SPD_FAN_8_R	c880a_sensor_fan_speed_rpm	numeric
SPD_FAN_9_F	c880a_sensor_fan_speed_rpm	numeric
SPD_FAN_9_R	c880a_sensor_fan_speed_rpm	numeric
SPD_FAN_PSU10_F	c880a_sensor_fan_speed_rpm	numeric
SPD_FAN_PSU10_R	c880a_sensor_fan_speed_rpm	unavailable
SPD_FAN_PSU11_F	c880a_sensor_fan_speed_rpm	numeric
SPD_FAN_PSU11_R	c880a_sensor_fan_speed_rpm	unavailable
SPD_FAN_PSU12_F	c880a_sensor_fan_speed_rpm	numeric
SPD_FAN_PSU12_R	c880a_sensor_fan_speed_rpm	unavailable
SPD_FAN_PSU1_F	c880a_sensor_fan_speed_rpm	numeric
SPD_FAN_PSU1_R	c880a_sensor_fan_speed_rpm	unavailable
SPD_FAN_PSU2_F	c880a_sensor_fan_speed_rpm	numeric
SPD_FAN_PSU2_R	c880a_sensor_fan_speed_rpm	unavailable
SPD_FAN_PSU3_F	c880a_sensor_fan_speed_rpm	numeric
SPD_FAN_PSU3_R	c880a_sensor_fan_speed_rpm	unavailable
SPD_FAN_PSU4_F	c880a_sensor_fan_speed_rpm	numeric
SPD_FAN_PSU4_R	c880a_sensor_fan_speed_rpm	unavailable
SPD_FAN_PSU5_F	c880a_sensor_fan_speed_rpm	numeric
SPD_FAN_PSU5_R	c880a_sensor_fan_speed_rpm	unavailable
SPD_FAN_PSU6_F	c880a_sensor_fan_speed_rpm	numeric
SPD_FAN_PSU6_R	c880a_sensor_fan_speed_rpm	unavailable
SPD_FAN_PSU7_F	c880a_sensor_fan_speed_rpm	numeric
SPD_FAN_PSU7_R	c880a_sensor_fan_speed_rpm	unavailable
SPD_FAN_PSU8_F	c880a_sensor_fan_speed_rpm	numeric
SPD_FAN_PSU8_R	c880a_sensor_fan_speed_rpm	unavailable
SPD_FAN_PSU9_F	c880a_sensor_fan_speed_rpm	numeric
SPD_FAN_PSU9_R	c880a_sensor_fan_speed_rpm	unavailable
STATUS_CPU0	c880a_sensor_reading	numeric
STATUS_CPU1	c880a_sensor_reading	numeric
STATUS_E1S_NVME1	c880a_sensor_reading	numeric
STATUS_E1S_NVME2	c880a_sensor_reading	numeric
STATUS_E1S_NVME3	c880a_sensor_reading	numeric
STATUS_E1S_NVME4	c880a_sensor_reading	numeric
STATUS_E1S_NVME5	c880a_sensor_reading	numeric
STATUS_E1S_NVME6	c880a_sensor_reading	numeric
STATUS_E1S_NVME7	c880a_sensor_reading	numeric
STATUS_E1S_NVME8	c880a_sensor_reading	numeric
STATUS_E1S_PRSNT	c880a_sensor_reading	numeric
STATUS_GB1_GPU	c880a_sensor_reading	numeric
STATUS_GPUBB	c880a_sensor_reading	numeric
STATUS_HMC	c880a_sensor_reading	numeric
STATUS_PSU1	c880a_sensor_reading	numeric
STATUS_PSU10	c880a_sensor_reading	numeric
STATUS_PSU11	c880a_sensor_reading	numeric
STATUS_PSU12	c880a_sensor_reading	numeric
STATUS_PSU2	c880a_sensor_reading	numeric
STATUS_PSU3	c880a_sensor_reading	numeric
STATUS_PSU4	c880a_sensor_reading	numeric
STATUS_PSU5	c880a_sensor_reading	numeric
STATUS_PSU6	c880a_sensor_reading	numeric
STATUS_PSU7	c880a_sensor_reading	numeric
STATUS_PSU8	c880a_sensor_reading	numeric
STATUS_PSU9	c880a_sensor_reading	numeric
STATUS_PSU_PRSNT	c880a_sensor_reading	numeric
TEMP_AMBIENT	c880a_sensor_temperature_celsius	numeric
TEMP_CPU0	c880a_sensor_temperature_celsius	numeric
TEMP_CPU0_ABCD	c880a_sensor_temperature_celsius	numeric
TEMP_CPU0_EFGH	c880a_sensor_temperature_celsius	numeric
TEMP_CPU1	c880a_sensor_temperature_celsius	numeric
TEMP_CPU1_IJKL	c880a_sensor_temperature_celsius	numeric
TEMP_CPU1_MNOP	c880a_sensor_temperature_celsius	numeric
TEMP_CX7_QSFP0	c880a_sensor_temperature_celsius	numeric
TEMP_CX7_QSFP1	c880a_sensor_temperature_celsius	numeric
TEMP_CX7_QSFP2	c880a_sensor_temperature_celsius	numeric
TEMP_CX7_QSFP3	c880a_sensor_temperature_celsius	numeric
TEMP_CX8_0	c880a_sensor_temperature_celsius	numeric
TEMP_CX8_0_OSFP0	c880a_sensor_temperature_celsius	numeric
TEMP_CX8_1	c880a_sensor_temperature_celsius	numeric
TEMP_CX8_1_OSFP0	c880a_sensor_temperature_celsius	numeric
TEMP_CX8_2	c880a_sensor_temperature_celsius	numeric
TEMP_CX8_2_OSFP0	c880a_sensor_temperature_celsius	numeric
TEMP_CX8_3	c880a_sensor_temperature_celsius	numeric
TEMP_CX8_3_OSFP0	c880a_sensor_temperature_celsius	numeric
TEMP_CX8_4	c880a_sensor_temperature_celsius	numeric
TEMP_CX8_4_OSFP0	c880a_sensor_temperature_celsius	numeric
TEMP_CX8_5	c880a_sensor_temperature_celsius	numeric
TEMP_CX8_5_OSFP0	c880a_sensor_temperature_celsius	numeric
TEMP_CX8_6	c880a_sensor_temperature_celsius	numeric
TEMP_CX8_6_OSFP0	c880a_sensor_temperature_celsius	numeric
TEMP_CX8_7	c880a_sensor_temperature_celsius	numeric
TEMP_CX8_7_OSFP0	c880a_sensor_temperature_celsius	numeric
TEMP_CX8_8	c880a_sensor_temperature_celsius	numeric
TEMP_CX8_OSFP_1	c880a_sensor_temperature_celsius	numeric
TEMP_CX8_OSFP_2	c880a_sensor_temperature_celsius	numeric
TEMP_CX8_OSFP_3	c880a_sensor_temperature_celsius	numeric
TEMP_CX8_OSFP_4	c880a_sensor_temperature_celsius	numeric
TEMP_CX8_OSFP_5	c880a_sensor_temperature_celsius	numeric
TEMP_CX8_OSFP_6	c880a_sensor_temperature_celsius	numeric
TEMP_CX8_OSFP_7	c880a_sensor_temperature_celsius	numeric
TEMP_CX8_OSFP_8	c880a_sensor_temperature_celsius	numeric
TEMP_DCSCM_0	c880a_sensor_temperature_celsius	numeric
TEMP_E1S_NVME1	c880a_sensor_temperature_celsius	numeric
TEMP_E1S_NVME2	c880a_sensor_temperature_celsius	numeric
TEMP_E1S_NVME3	c880a_sensor_temperature_celsius	numeric
TEMP_E1S_NVME4	c880a_sensor_temperature_celsius	numeric
TEMP_E1S_NVME5	c880a_sensor_temperature_celsius	numeric
TEMP_E1S_NVME6	c880a_sensor_temperature_celsius	numeric
TEMP_E1S_NVME7	c880a_sensor_temperature_celsius	numeric
TEMP_E1S_NVME8	c880a_sensor_temperature_celsius	numeric
TEMP_GB1_INLET1	c880a_sensor_temperature_celsius	numeric
TEMP_GB1_INLET2	c880a_sensor_temperature_celsius	numeric
TEMP_GB_CX8MCU_1	c880a_sensor_temperature_celsius	numeric
TEMP_GB_CX8MCU_2	c880a_sensor_temperature_celsius	numeric
TEMP_GB_CX8MCU_3	c880a_sensor_temperature_celsius	numeric
TEMP_GB_CX8MCU_4	c880a_sensor_temperature_celsius	numeric
TEMP_GB_FPGA	c880a_sensor_temperature_celsius	numeric
TEMP_GB_HMC	c880a_sensor_temperature_celsius	numeric
TEMP_GB_HSC1	c880a_sensor_temperature_celsius	numeric
TEMP_GB_HSC2	c880a_sensor_temperature_celsius	numeric
TEMP_GB_HSCC1	c880a_sensor_temperature_celsius	numeric
TEMP_GB_HSCC2	c880a_sensor_temperature_celsius	numeric
TEMP_GB_HSCC3	c880a_sensor_temperature_celsius	numeric
TEMP_GB_HSCC4	c880a_sensor_temperature_celsius	numeric
TEMP_GB_HSCC5	c880a_sensor_temperature_celsius	numeric
TEMP_GB_MCU_1	c880a_sensor_temperature_celsius	numeric
TEMP_GB_MCU_2	c880a_sensor_temperature_celsius	numeric
TEMP_GB_MCU_3	c880a_sensor_temperature_celsius	numeric
TEMP_GB_MCU_4	c880a_sensor_temperature_celsius	numeric
TEMP_GB_MCU_5	c880a_sensor_temperature_celsius	numeric
TEMP_GB_MCU_6	c880a_sensor_temperature_celsius	numeric
TEMP_GB_MCU_7	c880a_sensor_temperature_celsius	numeric
TEMP_GB_MCU_8	c880a_sensor_temperature_celsius	numeric
TEMP_GB_NVS1	c880a_sensor_temperature_celsius	numeric
TEMP_GB_NVS2	c880a_sensor_temperature_celsius	numeric
TEMP_GB_PCB1	c880a_sensor_temperature_celsius	numeric
TEMP_GB_PCB2	c880a_sensor_temperature_celsius	numeric
TEMP_GB_PCB3	c880a_sensor_temperature_celsius	numeric
TEMP_GB_PCB4	c880a_sensor_temperature_celsius	numeric
TEMP_GB_PEX_SW	c880a_sensor_temperature_celsius	numeric
TEMP_GB_SXM1	c880a_sensor_temperature_celsius	numeric
TEMP_GB_SXM1_M	c880a_sensor_temperature_celsius	numeric
TEMP_GB_SXM2	c880a_sensor_temperature_celsius	numeric
TEMP_GB_SXM2_M	c880a_sensor_temperature_celsius	numeric
TEMP_GB_SXM3	c880a_sensor_temperature_celsius	numeric
TEMP_GB_SXM3_M	c880a_sensor_temperature_celsius	numeric
TEMP_GB_SXM4	c880a_sensor_temperature_celsius	numeric
TEMP_GB_SXM4_M	c880a_sensor_temperature_celsius	numeric
TEMP_GB_SXM5	c880a_sensor_temperature_celsius	numeric
TEMP_GB_SXM5_M	c880a_sensor_temperature_celsius	numeric
TEMP_GB_SXM6	c880a_sensor_temperature_celsius	numeric
TEMP_GB_SXM6_M	c880a_sensor_temperature_celsius	numeric
TEMP_GB_SXM7	c880a_sensor_temperature_celsius	numeric
TEMP_GB_SXM7_M	c880a_sensor_temperature_celsius	numeric
TEMP_GB_SXM8	c880a_sensor_temperature_celsius	numeric
TEMP_GB_SXM8_M	c880a_sensor_temperature_celsius	numeric
TEMP_IOBAY1	c880a_sensor_temperature_celsius	numeric
TEMP_IOBAY1_TRX1	c880a_sensor_temperature_celsius	numeric
TEMP_IOBAY1_TRX2	c880a_sensor_temperature_celsius	numeric
TEMP_IOBAY2	c880a_sensor_temperature_celsius	numeric
TEMP_IOBAY2_TRX1	c880a_sensor_temperature_celsius	numeric
TEMP_IOBAY2_TRX2	c880a_sensor_temperature_celsius	numeric
TEMP_M.2_RISER	c880a_sensor_temperature_celsius	numeric
TEMP_MB_1G_LAN	c880a_sensor_temperature_celsius	unavailable
TEMP_MB_HV_CPU0	c880a_sensor_temperature_celsius	numeric
TEMP_MB_HV_CPU1	c880a_sensor_temperature_celsius	numeric
TEMP_MB_INF_CPU0	c880a_sensor_temperature_celsius	numeric
TEMP_MB_INF_CPU1	c880a_sensor_temperature_celsius	numeric
TEMP_MB_INLET	c880a_sensor_temperature_celsius	numeric
TEMP_MB_OUTLET	c880a_sensor_temperature_celsius	numeric
TEMP_MB_VRM0	c880a_sensor_temperature_celsius	numeric
TEMP_MB_VRM1	c880a_sensor_temperature_celsius	numeric
TEMP_PCIE_CX7_1	c880a_sensor_temperature_celsius	numeric
TEMP_PCIE_CX7_2	c880a_sensor_temperature_celsius	numeric
TEMP_PCIE_SW_0	c880a_sensor_temperature_celsius	numeric
TEMP_PCIE_SW_1	c880a_sensor_temperature_celsius	numeric
TEMP_PDB0	c880a_sensor_temperature_celsius	numeric
TEMP_PDB1	c880a_sensor_temperature_celsius	numeric
TEMP_PDB_FAN_HSC	c880a_sensor_temperature_celsius	numeric
TEMP_PDB_VRM	c880a_sensor_temperature_celsius	numeric
TEMP_PSU1	c880a_sensor_temperature_celsius	numeric
TEMP_PSU10	c880a_sensor_temperature_celsius	numeric
TEMP_PSU11	c880a_sensor_temperature_celsius	numeric
TEMP_PSU12	c880a_sensor_temperature_celsius	numeric
TEMP_PSU2	c880a_sensor_temperature_celsius	numeric
TEMP_PSU3	c880a_sensor_temperature_celsius	numeric
TEMP_PSU4	c880a_sensor_temperature_celsius	numeric
TEMP_PSU5	c880a_sensor_temperature_celsius	numeric
TEMP_PSU6	c880a_sensor_temperature_celsius	numeric
TEMP_PSU7	c880a_sensor_temperature_celsius	numeric
TEMP_PSU8	c880a_sensor_temperature_celsius	numeric
TEMP_PSU9	c880a_sensor_temperature_celsius	numeric
TEMP_VR_CPU0	c880a_sensor_temperature_celsius	numeric
TEMP_VR_CPU1	c880a_sensor_temperature_celsius	numeric
TLIMIT_GB_SXM1	c880a_sensor_temperature_celsius	numeric
TLIMIT_GB_SXM2	c880a_sensor_temperature_celsius	numeric
TLIMIT_GB_SXM3	c880a_sensor_temperature_celsius	numeric
TLIMIT_GB_SXM4	c880a_sensor_temperature_celsius	numeric
TLIMIT_GB_SXM5	c880a_sensor_temperature_celsius	numeric
TLIMIT_GB_SXM6	c880a_sensor_temperature_celsius	numeric
TLIMIT_GB_SXM7	c880a_sensor_temperature_celsius	numeric
TLIMIT_GB_SXM8	c880a_sensor_temperature_celsius	numeric
VOLT_3V_BATTERY	c880a_sensor_voltage_volts	numeric
VOLT_MB_12V	c880a_sensor_voltage_volts	numeric
VOLT_MB_12V_AUX	c880a_sensor_voltage_volts	numeric
VOLT_MB_1V2_AUX	c880a_sensor_voltage_volts	numeric
VOLT_MB_1V8_AUX	c880a_sensor_voltage_volts	numeric
VOLT_MB_2V5_AUX	c880a_sensor_voltage_volts	numeric
VOLT_MB_3V3	c880a_sensor_voltage_volts	numeric
VOLT_MB_5V_AUX	c880a_sensor_voltage_volts	numeric
VOLT_MB_VRM_0	c880a_sensor_voltage_volts	numeric
VOLT_MB_VRM_1	c880a_sensor_voltage_volts	numeric
VOLT_PDB_FAN_HSC	c880a_sensor_voltage_volts	numeric
VOLT_PDB_VRM_0	c880a_sensor_voltage_volts	numeric
VOLT_SCM_12V	c880a_sensor_voltage_volts	numeric
VOLT_SCM_1V	c880a_sensor_voltage_volts	numeric
VOLT_SCM_1V05	c880a_sensor_voltage_volts	numeric
VOLT_SCM_1V2	c880a_sensor_voltage_volts	numeric
VOLT_SCM_1V8	c880a_sensor_voltage_volts	numeric
VOLT_SCM_2V5	c880a_sensor_voltage_volts	numeric
VOLT_SCM_3V3	c880a_sensor_voltage_volts	numeric
VOLT_SCM_5V	c880a_sensor_voltage_volts	numeric
VOLT_VCCFA_CPU0	c880a_sensor_voltage_volts	numeric
VOLT_VCCFA_CPU1	c880a_sensor_voltage_volts	numeric
VOLT_VCCIN_CPU0	c880a_sensor_voltage_volts	numeric
VOLT_VCCIN_CPU1	c880a_sensor_voltage_volts	numeric
